keyword,n
SHW,9
controls,8
Insulation,7
Pump,7
Boiler,5
Energy recovery,4
Steam,4
Chiller,3
Equipment,3
Fan,3
Heat pump,3
Wind,3
Burner,2
Cooling tower,2
Duct,2
Economizer,2
Elevator,2
Heat recovery,2
Hot water,2
Low flow,2
Meter,2
Motor,2
Return,2
Roof,2
Server,2
Tankless,2
VSD,2
Water heater,2
AHU,1
air cooled,1
BAS,1
ceiling,1
Centrifugal,1
CFL,1
CHP,1
Clothes dryer,1
cogeneration,1
Computer,1
Damper,1
Data Center,1
Daylight control,1
DDC,1
demand control,1
Diffuser,1
EMCS,1
EMS,1
ENERGY STAR,1
envelope,1
faucet,1
Floor,1
Fuel cell,1
Green roof,1
Lamp,1
LED,1
light emitting diode,1
Microturbine,1
occupancy,1
Packaged terminal unit,1
photocell,1
Photovoltaic,1
Pipe,1
Pneumatic,1
Power factor correction,1
Refrigerant,1
Refrigerator,1
screen,1
showerhead,1
Solar thermal,1
T 5,1
T 8,1
Terminal unit,1
Thermal energy storage,1
Transformer,1
Variable refrigerant flow,1
VAV,1
Vending Machine,1
washing machine,1
