tokens,n
and,46
to,32
install,29
of,29
the,25
with,25
or,22
in,21
for,20
reduce,18
water,17
air,16
high,15
a,14
system,14
as,12
replace,12
use,12
cooling,11
efficiency,11
heat,10
systems,10
ventilation,9
energy,8
on,8
upgrade,8
by,7
clean,7
lighting,7
temperature,7
that,7
flow,6
gas,6
implement,6
is,6
loads,6
operating,6
rate,6
speed,6
thermal,6
add,5
be,5
control,5
doors,5
electric,5
exterior,5
from,5
heating,5
load,5
low,5
optimize,5
pressure,5
refrigerated,5
repair,5
sequencing,5
set,5
shielding,5
space,5
building,4
can,4
conditions,4
cop,4
efficient,4
fume,4
if,4
light,4
loop,4
possible,4
temperatures,4
time,4
wall,4
waste,4
while,4
calibration,3
chilled,3
co2,3
combination,3
cooled,3
documentation,3
evaporator,3
existing,3
generation,3
hours,3
increase,3
insulate,3
internal,3
maintain,3
meeting,3
minimize,3
minimum,3
performance,3
point,3
protocols,3
recovery,3
reduced,3
ro,3
room,3
schedule,3
single,3
star,3
through,3
tower,3
training,3
uf,3
units,3
variable,3
walls,3
when,3
where,3
achieve,2
adjust,2
adjustments,2
allow,2
amount,2
an,2
appropriate,2
are,2
at,2
automatic,2
bleed,2
blowdown,2
carbon,2
case,2
central,2
change,2
changes,2
changing,2
charge,2
circuit,2
cleaning,2
close,2
closed,2
compressed,2
condensing,2
conditioning,2
consumption,2
controller,2
convert,2
daylight,2
demand,2
dishwashers,2
dryer,2
e,2
eer,2
external,2
fcaw,2
fixtures,2
flue,2
gases,2
gmaw,2
has,2
hazardous,2
hot,2
hvac,2
improve,2
it,2
lights,2
management,2
minimise,2
more,2
multiple,2
must,2
night,2
off,2
operation,2
power,2
process,2
proper,2
provide,2
rated,2
rates,2
reduces,2
reducing,2
reduction,2
regularly,2
reheat,2
rooms,2
seal,2
select,2
sensors,2
separate,2
shading,2
specific,2
storage,2
story,2
surfaces,2
switches,2
this,2
timers,2
top,2
unit,2
value,2
valves,2
virtualization,2
wastewater,2
welding,2
0.95,1
1,1
100,1
11,1
15,1
20,1
25,1
3,1
3.2,1
3.3,1
5,1
9.5,1
95,1
above,1
absorbing,1
absorption,1
acceptable,1
achieved,1
activated,1
adding,1
adequate,1
adiabatic,1
adjusted,1
adjustment,1
adverse,1
aedgofficehvacashpdoas,1
again,1
all,1
almost,1
along,1
also,1
analyzing,1
appliances,1
arc,1
area,1
areas,1
ash,1
associated,1
atmospheric,1
atrium,1
attic,1
automatically,1
available,1
avoid,1
barrier,1
been,1
best,1
better,1
between,1
blowers,1
both,1
bottom,1
btu,1
buildings,1
burn,1
bypasses,1
calibrate,1
capacity,1
cases,1
cause,1
causes,1
cav,1
cell,1
certified,1
charges,1
choice,1
cleaned,1
cleaners,1
cleans,1
climates,1
closers,1
closets,1
clothes,1
coils,1
cold,1
color,1
colors,1
combined,1
combustion,1
commercial,1
commutated,1
compliant,1
condensate,1
condensation,1
conditioner,1
connections,1
connectors,1
consider,1
considerations,1
containing,1
convective,1
conversion,1
converting,1
cool,1
cooler,1
cored,1
correct,1
correcting,1
cost,1
courtyard,1
cover,1
cross,1
cut,1
cv,1
daylighting,1
dead,1
decentralize,1
deep,1
defects,1
dehumidifiers,1
density,1
desiccant,1
design,1
devices,1
dew,1
dimming,1
dioxide,1
displacement,1
disposed,1
distinct,1
doas,1
dock,1
docks,1
door,1
down,1
draft,1
drive,1
dual,1
due,1
dx,1
dynamic,1
dynamically,1
each,1
easy,1
effective,1
electrode,1
element,1
emerging,1
enableidealairloadsforallzones,1
environmental,1
epd,1
evaluate,1
evaporative,1
excessive,1
facility,1
fat,1
feed,1
fenestration,1
fired,1
flood,1
flux,1
foam,1
freezer,1
freezers,1
fryer,1
fuel,1
fuels,1
further,1
gain,1
garages,1
general,1
glass,1
glazed,1
gray,1
greater,1
gshp,1
guest,1
half,1
have,1
heated,1
heater,1
higher,1
housekeeping,1
hp,1
humid,1
hybrid,1
ideal,1
ignition,1
illumination,1
impellers,1
impractical,1
improvements,1
incineration,1
includes,1
increasing,1
indoor,1
industrial,1
inefficient,1
influences,1
insulating,1
interior,1
intervals,1
interzone,1
into,1
isolate,1
its,1
knee,1
large,1
leakage,1
least,1
legs,1
level,1
lighter,1
line,1
lnstall,1
losses,1
lower,1
lowest,1
luminous,1
machines,1
maintaining,1
maintenance,1
making,1
mass,1
maximum,1
measure,1
mechanical,1
medium,1
merge,1
minutes,1
mixed,1
mixture,1
mode,1
model,1
modify,1
movable,1
necessary,1
needed,1
no,1
not,1
number,1
office,1
offline,1
often,1
oil,1
only,1
openers,1
opening,1
operates,1
operational,1
options,1
osmosis,1
other,1
outdoor,1
oven,1
over,1
overhead,1
overpumping,1
overtime,1
oxygen,1
paint,1
painting,1
panels,1
parameters,1
paths,1
patterns,1
peak,1
percentages,1
phase,1
piping,1
plant,1
plants,1
predictable,1
preheat,1
premium,1
prevent,1
prevents,1
primary,1
problems,1
procedural,1
processes,1
processing,1
productivity,1
programmable,1
provided,1
purifiers,1
purpose,1
quality,1
r,1
radiance,1
raise,1
recirculate,1
reclaimed,1
recover,1
relative,1
removal,1
remove,1
repaint,1
replacement,1
required,1
requires,1
reservoirs,1
resistance,1
response,1
reverse,1
rewinding,1
seals,1
season,1
secondary,1
sensing,1
setextwalltogroundboundaryconditionbystory,1
setup,1
several,1
shaft,1
shafts,1
shedding,1
shelves,1
short,1
shut,1
shutting,1
sidelighting,1
significant,1
simultaneously,1
slats,1
so,1
solar,1
soot,1
sooting,1
source,1
spaces,1
spare,1
special,1
specialty,1
spot,1
spray,1
stairwell,1
stairwells,1
static,1
stratification,1
strip,1
stripping,1
subcooling,1
such,1
suction,1
suitable,1
surface,1
switching,1
technology,1
televisions,1
than,1
them,1
therefore,1
they,1
toplighting,1
total,1
tovrf,1
towers,1
trace,1
traffic,1
transducers,1
transportation,1
trim,1
truck,1
tubes,1
turbulators,1
turn,1
type,1
types,1
typical,1
ultrafiltration,1
uncategorized,1
unconditioned,1
uninsulated,1
unitary,1
unnecessary,1
used,1
using,1
vacated,1
variety,1
vents,1
w,1
walk,1
washers,1
washing,1
wattage,1
weather,1
wet,1
wherever,1
will,1
within,1
work,1
working,1
zone,1
